row,values
geometric-mean,0.7749485696341251
kurtosis,-1.1764362226816139
max,0.7771015946260786
mean,0.774955565963537
median,0.7771015946260786
min,0.7696740547181656
skewness,-0.9395230778709626
standard-deviation,0.003345032360704344
variance,1.1189241494159276E-5
