row,values
geometric-mean,0.7659076435684254
kurtosis,-1.1647320911433923
max,0.8014199369455214
mean,0.7661218507818475
median,0.7622343615534957
min,0.7441376420993894
skewness,0.5364153971001281
standard-deviation,0.01849777565549951
variance,3.4216770420119035E-4
