row,values
geometric-mean,0.9364346099142086
kurtosis,0.5093714288177167
max,0.9957671843843796
mean,0.9367844552773275
median,0.9355256162871648
min,0.8737814766144514
skewness,-0.30982404235443145
standard-deviation,0.02595706426810698
variance,6.737691854186361E-4
