row,values
geometric-mean,0.8317638963836226
kurtosis,2.528473587673537
max,0.9163060749736632
mean,0.83263126394174
median,0.8348138705192685
min,0.7172621420636183
skewness,-0.8758853060565286
standard-deviation,0.0380923332689246
variance,0.0014510258538708199
