row,values
geometric-mean,0.8033438748135273
kurtosis,-0.09322436915198207
max,0.8381392154920869
mean,0.8036893666032685
median,0.8084981156575171
min,0.7450106775081655
skewness,-0.7314009839330691
standard-deviation,0.023797037552555727
variance,5.662989962777475E-4
