row,values
geometric-mean,0.704914269780619
kurtosis,-0.9506955160368036
max,0.7881584935461818
mean,0.7063897070934527
median,0.7074313480405887
min,0.6107024353116122
skewness,-0.07280230122788046
standard-deviation,0.046294046487949235
variance,0.002143138740228405
