row,values
geometric-mean,0.21823278686341874
kurtosis,1.0692606352645497
max,0.35019727394579897
mean,0.2263585494000264
median,0.2304291040421826
min,0.08004554663999727
skewness,-0.39451056655943345
standard-deviation,0.05606615539194537
variance,0.0031434137804337648
