row,values
geometric-mean,0.9321078431372549
kurtosis,
max,0.9321078431372549
mean,0.9321078431372549
median,0.9321078431372549
min,0.9321078431372549
skewness,
standard-deviation,0.0
variance,0.0
