row,values
[],0.02602117327117328
[addUnassignedFeatureToExClass],0.5039618774185338
[addUnassignedFeatureToNewClass],0.2275346100980776
[deleteEmptyClass],0.044267940378621494
[moveFeatureToExClass],0.19821439883359393
