row,values
geometric-mean,0.8996540507869983
kurtosis,-1.945509705364125
max,0.9321078431372549
mean,0.9004901960784313
median,0.9321078431372549
min,0.8487745098039214
skewness,-0.4313011020671782
standard-deviation,0.03922809768098213
variance,0.0015388436476686752
