row,values
geometric-mean,0.700941501420808
kurtosis,29.165968864993133
max,0.701057557865487
mean,0.7009416536844711
median,0.7010505804857972
min,0.6984721472022585
skewness,-5.369793817090637
standard-deviation,4.6938491024589547E-4
variance,2.2032219396654736E-7
