row,values
geometric-mean,0.6583553220748034
kurtosis,-0.1912399372868383
max,0.6785075839909596
mean,0.6584200271863418
median,0.6556720804866664
min,0.6392341133628135
skewness,0.4762022907573915
standard-deviation,0.009407470298366893
variance,8.850049741465528E-5
