row,values
geometric-mean,0.698048922170766
kurtosis,13.945358754919413
max,0.701057557865487
mean,0.6980635881195012
median,0.6984721472022585
min,0.6777477673004852
skewness,-3.445196462328782
standard-deviation,0.004569718652234342
variance,2.088232856057845E-5
