row,values
geometric-mean,0.9336593232267347
kurtosis,-0.6743193422712332
max,0.9715261984633232
mean,0.9338136434146581
median,0.9360735639656695
min,0.9026772557861006
skewness,0.05526982669591858
standard-deviation,0.017270072601376328
variance,2.9825540765680933E-4
