row,values
geometric-mean,0.0
kurtosis,11.89279204252631
max,0.9381345637291314
mean,0.8423119563436261
median,0.9047878540552153
min,0.0
skewness,-3.5954603338169817
standard-deviation,0.23015463449692797
variance,0.0529711557804145
