row,values
geometric-mean,0.6564146009772001
kurtosis,-0.6302092326849515
max,0.6722573008521583
mean,0.6564744107544349
median,0.6587217547099076
min,0.6386378082471798
skewness,-0.48391976632958145
standard-deviation,0.00899378571179329
variance,8.088818142965712E-5
