row,values
geometric-mean,0.5232817514041483
kurtosis,22.065765757419975
max,0.6982162128253023
mean,0.5242822232782656
median,0.5228138260384749
min,0.45367492725880393
skewness,4.069366366357464
standard-deviation,0.03540221152250021
variance,0.001253316580683847
