row,values
geometric-mean,0.688571757802078
kurtosis,0.7672441680253672
max,0.8204424662114389
mean,0.6902813364029067
median,0.6829368376344308
min,0.5813847872051343
skewness,0.2558694749793218
standard-deviation,0.04951841411564406
variance,0.0024520733365284166
