row,values
geometric-mean,0.7302845050970447
kurtosis,-0.9008255338043716
max,0.8276531754342178
mean,0.7329824290836303
median,0.732656673917287
min,0.5983334534390543
skewness,-0.2959850149545264
standard-deviation,0.06327494515951708
variance,0.004003718684939894
