row,values
[addFeatureToExClass],0.48378803629607375
[addFeatureToNewClass],0.41943596205291944
[deleteEmptyClass],0.03588973525554695
[removeFeatureFromExClass],0.060886266395459784
