row,values
geometric-mean,0.027451281703335433
kurtosis,-0.5842572399670338
max,0.05514129024091528
mean,0.03009625125450025
median,0.02807718134750778
min,0.01324548753939371
skewness,0.6482129835127055
standard-deviation,0.013120765923557699
variance,1.7215449842079288E-4
