row,values
geometric-mean,0.5865140573634768
kurtosis,0.7260581977260281
max,0.6488438441456023
mean,0.5880717158672036
median,0.6026664418329779
min,0.4874105853985222
skewness,-1.1342193338275464
standard-deviation,0.04230311022604584
variance,0.001789553134796984
