row,values
geometric-mean,0.4005348636349844
kurtosis,2.6098216690554525
max,0.4346749959792569
mean,0.4023719276335304
median,0.41248785007160604
min,0.28586153791055446
skewness,-1.5821516750138467
standard-deviation,0.037053937047435134
variance,0.0013729942507152862
