row,values
geometric-mean,0.9373071738659263
kurtosis,0.015750352731604078
max,0.9994609907564679
mean,0.9376536932728201
median,0.937184574199931
min,0.884560224417978
skewness,0.1346833713130433
standard-deviation,0.025946619689971567
variance,6.732270733360202E-4
