row,values
geometric-mean,0.9365272863803361
kurtosis,0.17072083395294602
max,0.9949251038665116
mean,0.936840591241855
median,0.9416578706944327
min,0.8947636057061255
skewness,0.4132488035032321
standard-deviation,0.02471699730700514
variance,6.109299558744993E-4
