row,values
geometric-mean,0.5975150727720794
kurtosis,-0.5603488363754243
max,0.8
mean,0.6095144032921811
median,0.6266666666666667
min,0.36246913580246914
skewness,-0.5273675378002806
standard-deviation,0.117019005412185
variance,0.013693447627656983
