row,values
geometric-mean,0.9591128695835479
kurtosis,-0.31046933930721776
max,0.9819325796497747
mean,0.9591790143766352
median,0.9615054679384121
min,0.9361814686296126
skewness,-0.1526859777521651
standard-deviation,0.011449791640843374
variance,1.3109772861872682E-4
