row,values
geometric-mean,0.9415727130271279
kurtosis,-0.046502516121132764
max,0.965863806319722
mean,0.9416756257936983
median,0.9435218030385446
min,0.9081809833882276
skewness,-0.442842857950004
standard-deviation,0.01412901631589402
variance,1.9962910205479945E-4
