row,values
geometric-mean,0.7843793083059973
kurtosis,6.319035317303856
max,0.7851575337198682
mean,0.7843827710830779
median,0.7851575337198682
min,0.7772482470934915
skewness,-2.8104025600318865
standard-deviation,0.002364308091304832
variance,5.5899527506094976E-6
