row,values
geometric-mean,0.7776550534035527
kurtosis,-1.4624572279586843
max,0.8186222544766929
mean,0.7779993242529955
median,0.7677590938650122
min,0.7500622094609112
skewness,0.43783379709744485
standard-deviation,0.023632955274754643
variance,5.585165750185533E-4
