row,values
geometric-mean,0.7969611619287139
kurtosis,-0.9211172787832278
max,0.8424684465437626
mean,0.7974916732954452
median,0.7985347915346385
min,0.7409393396441206
skewness,-0.14021548847902976
standard-deviation,0.02952318567549312
variance,8.716184924296421E-4
