row,values
geometric-mean,0.13830260518009552
kurtosis,-0.6279023208852434
max,0.27498518043584086
mean,0.1478910052804394
median,0.13434514533161257
min,0.06919667859838799
skewness,0.530682129091865
standard-deviation,0.054912805136032694
variance,0.003015416167907899
