row,values
geometric-mean,0.7012203172705043
kurtosis,-1.0522515252176632
max,0.782578154795903
mean,0.7029885018448123
median,0.7065043420954178
min,0.6068436377794308
skewness,-0.1606046151734369
standard-deviation,0.050439876730227415
variance,0.002544181164560537
