row,values
geometric-mean,0.6746541386293382
kurtosis,-0.06182208559574853
max,0.7417773580466074
mean,0.6761488892331775
median,0.6846611541140917
min,0.5635341096970271
skewness,-0.534869306243061
standard-deviation,0.04511187859066817
variance,0.002035081589979185
