row,values
geometric-mean,0.0
kurtosis,0.0368131943221095
max,0.054791988174933415
mean,0.02576494274820396
median,0.025824512932254892
min,0.0
skewness,0.13700368018281495
standard-deviation,0.012268461707186927
variance,1.5051515266071194E-4
