row,values
[addFeatureToExClass],0.4619023273061991
[addFeatureToNewClass],0.4387662981100971
[deleteEmptyClass],0.036278192079016496
[removeFeatureFromExClass],0.06305318250468735
