row,values
geometric-mean,0.89027425139842
kurtosis,-0.7091871018402753
max,0.9199053561753917
mean,0.8906017448258697
median,0.90175390330907
min,0.833609111685532
skewness,-0.5994409840777565
standard-deviation,0.024432632318843996
variance,5.969535220278201E-4
