row,values
geometric-mean,0.8245767273720812
kurtosis,4.186956536148113
max,0.9157006462564449
mean,0.8273309373878178
median,0.844843309684413
min,0.5960796578012942
skewness,-1.593481257704187
standard-deviation,0.0654463295452268
variance,0.004283222050942426
