row,values
[addFeatureToExClass],0.6215033470733633
[addFeatureToNewClass],0.2618073734198192
[deleteEmptyClass],0.042865143413174996
[removeFeatureFromExClass],0.07382413609364245
