row,values
geometric-mean,0.8057130284288383
kurtosis,4.234645706435526
max,0.8915900045937549
mean,0.8087775115960123
median,0.8249195330564005
min,0.5666106106772258
skewness,-1.7109949310256125
standard-deviation,0.06781181480494444
variance,0.004598442227140083
