row,values
geometric-mean,0.21466947909059705
kurtosis,-0.44442114758092766
max,0.5081109180016377
mean,0.23950928675227973
median,0.2524510763209393
min,0.11320541779036984
skewness,0.5129987511725292
standard-deviation,0.11098467088851036
variance,0.012317597172230958
