row,values
1,16.694333333333333
2,15.452
3,14.530333333333333
4,13.623666666666667
5,12.735
6,11.897
7,11.051333333333334
8,10.220666666666666
9,9.372666666666667
10,8.59
11,7.806666666666667
12,7.081
13,6.344333333333333
14,5.660666666666667
15,5.026
16,4.4046666666666665
17,3.852666666666667
18,3.26
19,2.7456666666666667
20,2.209
21,1.7406666666666666
22,1.3783333333333334
23,1.1
24,0.9116666666666666
25,0.7583333333333333
26,0.5923333333333334
27,0.48
28,0.39966666666666667
29,0.3466666666666667
30,0.311
31,0.293
32,0.26966666666666667
33,0.252
34,0.22466666666666668
35,0.191
36,0.17133333333333334
37,0.152
38,0.13266666666666668
39,0.11433333333333333
40,0.09133333333333334
41,0.077
42,0.06366666666666666
43,0.05333333333333333
44,0.04666666666666667
45,0.037333333333333336
46,0.03133333333333334
47,0.027666666666666666
48,0.02533333333333334
49,0.022000000000000006
50,0.018999999999999996
51,0.017999999999999995
52,0.01566666666666667
53,0.014666666666666672
54,0.011333333333333332
55,0.009333333333333334
56,0.007666666666666665
57,0.006333333333333336
58,0.004666666666666667
59,0.0036666666666666675
60,0.003999999999999998
61,0.003333333333333334
62,0.0023333333333333335
63,0.0013333333333333337
64,9.999999999999994E-4
65,6.666666666666669E-4
66,3.3333333333333343E-4
67,0.0
68,0.0
69,0.0
70,0.0
71,0.0
72,0.0
73,0.0
74,0.0
75,0.0
76,0.0
77,0.0
78,0.0
79,0.0
80,0.0
81,0.0
82,0.0
83,0.0
84,0.0
85,0.0
86,0.0
87,0.0
88,0.0
89,0.0
90,0.0
91,0.0
92,0.0
93,0.0
94,0.0
95,0.0
96,0.0
97,0.0
98,0.0
99,0.0
100,0.0
101,0.0
102,0.0
103,0.0
104,0.0
105,0.0
106,0.0
107,0.0
108,0.0
109,0.0
110,0.0
111,0.0
112,0.0
113,0.0
114,0.0
115,0.0
116,0.0
117,0.0
118,0.0
119,0.0
120,0.0
121,0.0
122,0.0
123,0.0
124,0.0
125,0.0
126,0.0
127,0.0
128,0.0
129,0.0
130,0.0
131,0.0
132,0.0
133,0.0
134,0.0
135,0.0
136,0.0
137,0.0
138,0.0
139,0.0
140,0.0
141,0.0
142,0.0
143,0.0
144,0.0
145,0.0
146,0.0
147,0.0
148,0.0
149,0.0
150,0.0
151,0.0
152,0.0
153,0.0
154,0.0
