row,values
geometric-mean,0.8458673900715897
kurtosis,4.700095805623818
max,0.8839355004354353
mean,0.8468127302010288
median,0.8621575413058731
min,0.7176278511266213
skewness,-2.0750128316612266
standard-deviation,0.03939075948417199
variance,0.0015516319327398855
