row,values
geometric-mean,0.7730534982583861
kurtosis,-0.9454006848120802
max,0.8414627182693527
mean,0.7745671033281303
median,0.7712282482549344
min,0.6938176148435753
skewness,-0.2739797669111198
standard-deviation,0.048914570511074
variance,0.00239263520828283
