row,values
geometric-mean,0.6416084920895685
kurtosis,0.7954185248836159
max,0.7770570977840257
mean,0.6436865984316704
median,0.6466944846718071
min,0.5213460445954096
skewness,0.1610387927811462
standard-deviation,0.05257309838901446
variance,0.002763930674220995
