row,values
geometric-mean,0.6188631097107701
kurtosis,0.011152822010183083
max,0.7460074376981791
mean,0.6214563400820914
median,0.619105851749129
min,0.5032590531152239
skewness,-0.033519467025258
standard-deviation,0.05740765754900468
variance,0.0032956391452637944
