row,values
geometric-mean,0.10698105002141955
kurtosis,-0.6449396122996265
max,0.1541743840779007
mean,0.11087632073438396
median,0.11371166676736345
min,0.05378283422094623
skewness,-0.273440669896302
standard-deviation,0.028308055935284765
variance,8.01346030835211E-4
