row,values
geometric-mean,0.7444979723347915
kurtosis,29.289053856251513
max,0.7819914505528499
mean,0.7445298164342465
median,0.7433783969562561
min,0.739307927699375
skewness,5.375342466981295
standard-deviation,0.007114248993722506
variance,5.0612538744681695E-5
