row,values
geometric-mean,0.7378005033852245
kurtosis,0.6346305933645757
max,0.7433783969562561
mean,0.7378209346308574
median,0.739307927699375
min,0.724068838129005
skewness,-1.100405329507057
standard-deviation,0.005570098486500618
variance,3.1025997149316475E-5
