row,values
[addFeatureToExClass],0.46793648381909425
[addFeatureToNewClass],0.4306539677292473
[deleteEmptyClass],0.03453643090614155
[removeFeatureFromExClass],0.06687311754551689
