row,values
geometric-mean,0.9038538843364927
kurtosis,16.675153530007364
max,0.90578231292517
mean,0.9038775510204081
median,0.90578231292517
min,0.873469387755102
skewness,-3.9694877822046992
standard-deviation,0.0065922157017678585
variance,4.34573078586347E-5
