row,values
geometric-mean,0.8805083881545966
kurtosis,-0.36623617915003726
max,0.90578231292517
mean,0.881377551020408
median,0.90578231292517
min,0.7867346938775509
skewness,-1.1649894841545787
standard-deviation,0.039146963719799414
variance,0.0015324847684792917
