row,values
geometric-mean,0.5003721284324976
kurtosis,-0.7140517294279363
max,0.6482709750566893
mean,0.506473576467624
median,0.513656462585034
min,0.34997543461829167
skewness,-0.09888711294207252
standard-deviation,0.0787465401560983
variance,0.006201017586556002
