row,values
geometric-mean,0.5132358392374949
kurtosis,-1.443855935206475
max,0.6019577577936341
mean,0.5158702533175603
median,0.49344906269745437
min,0.45820622465616245
skewness,0.5285608597575574
standard-deviation,0.05381087408640405
variance,0.002895610169942831
