row,values
geometric-mean,0.5400160010303734
kurtosis,29.999999999999737
max,0.5927855805808665
mean,0.540099420556292
median,0.5382826564175136
min,0.5382826564175136
skewness,5.477225575051665
standard-deviation,0.009950827004753922
variance,9.901895807853992E-5
