row,values
geometric-mean,0.6662159155526813
kurtosis,0.06069780012546255
max,0.7532736241660173
mean,0.6671946294756764
median,0.6663525835346029
min,0.588903060753098
skewness,-0.07857519864036902
standard-deviation,0.03664404472977826
variance,0.0013427860141579898
