row,values
geometric-mean,0.6343729113326316
kurtosis,-1.391069832643219
max,0.715174794190251
mean,0.6363571236856076
median,0.6314184615535924
min,0.5553701074805782
skewness,0.04327691871730034
standard-deviation,0.051075981776470394
variance,0.0026087559144303356
