row,values
[addFeatureToExClass],0.49279547256644585
[addFeatureToNewClass],0.402659666471924
[deleteEmptyClass],0.041008859367787885
[removeFeatureFromExClass],0.0635360015938423
