row,values
geometric-mean,0.04500575824763246
kurtosis,1.5549055880466915
max,0.13245546800501964
mean,0.05218996829315185
median,0.04881157175723304
min,0.005773024923528679
skewness,0.9812460379969693
standard-deviation,0.026998736787242125
variance,7.289317881067812E-4
