row,values
geometric-mean,0.799840551904756
kurtosis,0.64215505386395
max,0.8413761035037678
mean,0.8003490964758573
median,0.8042067244701889
min,0.7200213906088982
skewness,-0.7858186395572657
standard-deviation,0.028740785242251713
variance,8.26032736341234E-4
