row,values
geometric-mean,0.7099972865350341
kurtosis,-0.48311771590440955
max,0.7833713392120302
mean,0.7121807713255371
median,0.7312020463808528
min,0.5854176624225048
skewness,-0.7595756604577502
standard-deviation,0.05553806189666308
variance,0.003084476319237579
