row,values
[addFeatureToExClass],0.5118805984417333
[addFeatureToNewClass],0.3626466966798783
[deleteEmptyClass],0.046551950825305756
[removeFeatureFromExClass],0.0789207540530826
