row,values
geometric-mean,0.7608006742444969
kurtosis,
max,0.760800674244497
mean,0.760800674244497
median,0.760800674244497
min,0.760800674244497
skewness,
standard-deviation,0.0
variance,0.0
