row,values
geometric-mean,0.7566334139795031
kurtosis,-1.0825641428398365
max,0.7896001992557744
mean,0.7568264588410878
median,0.7477130442829869
min,0.736624415965448
skewness,0.808596787509
standard-deviation,0.01748499648806842
variance,3.0572510218776505E-4
