row,values
geometric-mean,0.7551436064616922
kurtosis,7.0845576208451995
max,0.760800674244497
mean,0.7551710908869114
median,0.755800482427179
min,0.7297116647428231
skewness,-2.202936648594913
standard-deviation,0.006513657297168259
variance,4.2427731384953305E-5
