row,values
geometric-mean,0.6565835342925582
kurtosis,-0.4181943387955105
max,0.7354788542133888
mean,0.6579838879432286
median,0.6620798044711087
min,0.5588243716169481
skewness,-0.260970101256211
standard-deviation,0.043338090655374126
variance,0.0018781901016534264
