row,values
geometric-mean,0.616970098675186
kurtosis,-0.7166214183751753
max,0.6941787074369847
mean,0.6189024034996997
median,0.6205915205783226
min,0.5187205444515096
skewness,-0.15064173318001722
standard-deviation,0.04942248216771434
variance,0.002442581743618042
