row,values
geometric-mean,0.12694853663408812
kurtosis,0.24630526420661303
max,0.17843579731523104
mean,0.12975789734589688
median,0.1332502281603592
min,0.06706712983868701
skewness,-0.35493161444804455
standard-deviation,0.02608743812193742
variance,6.805544277659138E-4
