row,values
geometric-mean,0.9367001445457234
kurtosis,-0.6769601550457951
max,0.9838101623253563
mean,0.937097903358907
median,0.9390685943801789
min,0.8775829492129931
skewness,-0.14223179399907415
standard-deviation,0.02772363769183189
variance,7.686000868679619E-4
