row,values
geometric-mean,0.9020032315564424
kurtosis,-0.06255306299302088
max,0.9700000035603642
mean,0.9024187287484312
median,0.8945795979286021
min,0.8455161427962189
skewness,0.4719555655509417
standard-deviation,0.02796567944436265
variance,7.820792267848477E-4
